sensivity,specificity,precision
1.0,0.6333333333333333,0.23255813953488372
0.95,0.6555555555555556,0.2345679012345679
